날짜,아티스트,월별 청취자,팔로워,URL
2026-08-06,브로콜리너마저,정보 없음,정보 없음,https://open.spotify.com/artist/1gq4XavqmZhqOzEkpFBz1j
2026-08-06,아도이,정보 없음,정보 없음,https://open.spotify.com/artist/64sY7LsUjNE3ifONkftTXC
2026-08-06,우희준,정보 없음,정보 없음,https://open.spotify.com/artist/0QPwpwjMdM0lU9NPmmqyEK
2026-08-06,이디오테잎,정보 없음,정보 없음,https://open.spotify.com/artist/0OmQCkk1rR3DJ0Y2NRxp6Z
2026-08-06,키라라,정보 없음,정보 없음,https://open.spotify.com/artist/6Q4tDWdAQdRjV4pAuqiHQW
2026-08-06,피치트럭하이재커스,정보 없음,정보 없음,https://open.spotify.com/artist/4RBk8cCsxzo5v0rHu5EgPA
2026-08-06,김창완밴드,정보 없음,정보 없음,https://open.spotify.com/artist/2bpghoDPX6onfPzQv570rM
2026-08-06,봉제인간,정보 없음,정보 없음,https://open.spotify.com/artist/3zyq3DzSd4aue9Q7s1qMVu
2026-08-06,추다혜차지스,정보 없음,정보 없음,https://open.spotify.com/artist/3ttQR1taRsySrYIc2U3iAA
2026-08-06,세이수미,정보 없음,정보 없음,https://open.spotify.com/artist/4tvbo17gXpYgSr8sTlkaby
2026-08-07,브로콜리너마저,정보 없음,정보 없음,https://open.spotify.com/artist/1gq4XavqmZhqOzEkpFBz1j
2026-08-07,아도이,정보 없음,정보 없음,https://open.spotify.com/artist/64sY7LsUjNE3ifONkftTXC
2026-08-07,우희준,정보 없음,정보 없음,https://open.spotify.com/artist/0QPwpwjMdM0lU9NPmmqyEK
2026-08-07,이디오테잎,정보 없음,정보 없음,https://open.spotify.com/artist/0OmQCkk1rR3DJ0Y2NRxp6Z
2026-08-07,키라라,정보 없음,정보 없음,https://open.spotify.com/artist/6Q4tDWdAQdRjV4pAuqiHQW
2026-08-07,피치트럭하이재커스,정보 없음,정보 없음,https://open.spotify.com/artist/4RBk8cCsxzo5v0rHu5EgPA
2026-08-07,김창완밴드,정보 없음,정보 없음,https://open.spotify.com/artist/2bpghoDPX6onfPzQv570rM
2026-08-07,봉제인간,정보 없음,정보 없음,https://open.spotify.com/artist/3zyq3DzSd4aue9Q7s1qMVu
2026-08-07,추다혜차지스,정보 없음,정보 없음,https://open.spotify.com/artist/3ttQR1taRsySrYIc2U3iAA
2026-08-07,세이수미,정보 없음,정보 없음,https://open.spotify.com/artist/4tvbo17gXpYgSr8sTlkaby
2026-08-08,브로콜리너마저,정보 없음,정보 없음,https://open.spotify.com/artist/1gq4XavqmZhqOzEkpFBz1j
2026-08-08,아도이,정보 없음,정보 없음,https://open.spotify.com/artist/64sY7LsUjNE3ifONkftTXC
2026-08-08,우희준,정보 없음,정보 없음,https://open.spotify.com/artist/0QPwpwjMdM0lU9NPmmqyEK
2026-08-08,이디오테잎,정보 없음,정보 없음,https://open.spotify.com/artist/0OmQCkk1rR3DJ0Y2NRxp6Z
2026-08-08,키라라,정보 없음,정보 없음,https://open.spotify.com/artist/6Q4tDWdAQdRjV4pAuqiHQW
2026-08-08,피치트럭하이재커스,정보 없음,정보 없음,https://open.spotify.com/artist/4RBk8cCsxzo5v0rHu5EgPA
2026-08-08,김창완밴드,정보 없음,정보 없음,https://open.spotify.com/artist/2bpghoDPX6onfPzQv570rM
2026-08-08,봉제인간,정보 없음,정보 없음,https://open.spotify.com/artist/3zyq3DzSd4aue9Q7s1qMVu
2026-08-08,추다혜차지스,정보 없음,정보 없음,https://open.spotify.com/artist/3ttQR1taRsySrYIc2U3iAA
2026-08-08,세이수미,정보 없음,정보 없음,https://open.spotify.com/artist/4tvbo17gXpYgSr8sTlkaby
2026-08-09,브로콜리너마저,정보 없음,정보 없음,https://open.spotify.com/artist/1gq4XavqmZhqOzEkpFBz1j
2026-08-09,아도이,정보 없음,정보 없음,https://open.spotify.com/artist/64sY7LsUjNE3ifONkftTXC
2026-08-09,우희준,정보 없음,정보 없음,https://open.spotify.com/artist/0QPwpwjMdM0lU9NPmmqyEK
2026-08-09,이디오테잎,정보 없음,정보 없음,https://open.spotify.com/artist/0OmQCkk1rR3DJ0Y2NRxp6Z
2026-08-09,키라라,정보 없음,정보 없음,https://open.spotify.com/artist/6Q4tDWdAQdRjV4pAuqiHQW
2026-08-09,피치트럭하이재커스,정보 없음,정보 없음,https://open.spotify.com/artist/4RBk8cCsxzo5v0rHu5EgPA
2026-08-09,김창완밴드,정보 없음,정보 없음,https://open.spotify.com/artist/2bpghoDPX6onfPzQv570rM
2026-08-09,봉제인간,정보 없음,정보 없음,https://open.spotify.com/artist/3zyq3DzSd4aue9Q7s1qMVu
2026-08-09,추다혜차지스,정보 없음,정보 없음,https://open.spotify.com/artist/3ttQR1taRsySrYIc2U3iAA
2026-08-09,세이수미,정보 없음,정보 없음,https://open.spotify.com/artist/4tvbo17gXpYgSr8sTlkaby
2026-08-10,브로콜리너마저,정보 없음,정보 없음,https://open.spotify.com/artist/1gq4XavqmZhqOzEkpFBz1j
2026-08-10,아도이,정보 없음,정보 없음,https://open.spotify.com/artist/64sY7LsUjNE3ifONkftTXC
2026-08-10,우희준,정보 없음,정보 없음,https://open.spotify.com/artist/0QPwpwjMdM0lU9NPmmqyEK
2026-08-10,이디오테잎,정보 없음,정보 없음,https://open.spotify.com/artist/0OmQCkk1rR3DJ0Y2NRxp6Z
2026-08-10,키라라,정보 없음,정보 없음,https://open.spotify.com/artist/6Q4tDWdAQdRjV4pAuqiHQW
2026-08-10,피치트럭하이재커스,정보 없음,정보 없음,https://open.spotify.com/artist/4RBk8cCsxzo5v0rHu5EgPA
2026-08-10,김창완밴드,정보 없음,정보 없음,https://open.spotify.com/artist/2bpghoDPX6onfPzQv570rM
2026-08-10,봉제인간,정보 없음,정보 없음,https://open.spotify.com/artist/3zyq3DzSd4aue9Q7s1qMVu
2026-08-10,추다혜차지스,정보 없음,정보 없음,https://open.spotify.com/artist/3ttQR1taRsySrYIc2U3iAA
2026-08-10,세이수미,정보 없음,정보 없음,https://open.spotify.com/artist/4tvbo17gXpYgSr8sTlkaby
2026-08-11,브로콜리너마저,정보 없음,정보 없음,https://open.spotify.com/artist/1gq4XavqmZhqOzEkpFBz1j
2026-08-11,아도이,정보 없음,정보 없음,https://open.spotify.com/artist/64sY7LsUjNE3ifONkftTXC
2026-08-11,우희준,정보 없음,정보 없음,https://open.spotify.com/artist/0QPwpwjMdM0lU9NPmmqyEK
2026-08-11,이디오테잎,정보 없음,정보 없음,https://open.spotify.com/artist/0OmQCkk1rR3DJ0Y2NRxp6Z
2026-08-11,키라라,정보 없음,정보 없음,https://open.spotify.com/artist/6Q4tDWdAQdRjV4pAuqiHQW
2026-08-11,피치트럭하이재커스,정보 없음,정보 없음,https://open.spotify.com/artist/4RBk8cCsxzo5v0rHu5EgPA
2026-08-11,김창완밴드,정보 없음,정보 없음,https://open.spotify.com/artist/2bpghoDPX6onfPzQv570rM
2026-08-11,봉제인간,정보 없음,정보 없음,https://open.spotify.com/artist/3zyq3DzSd4aue9Q7s1qMVu
2026-08-11,추다혜차지스,정보 없음,정보 없음,https://open.spotify.com/artist/3ttQR1taRsySrYIc2U3iAA
2026-08-11,세이수미,정보 없음,정보 없음,https://open.spotify.com/artist/4tvbo17gXpYgSr8sTlkaby
2026-08-12,브로콜리너마저,정보 없음,정보 없음,https://open.spotify.com/artist/1gq4XavqmZhqOzEkpFBz1j
2026-08-12,아도이,정보 없음,정보 없음,https://open.spotify.com/artist/64sY7LsUjNE3ifONkftTXC
2026-08-12,우희준,정보 없음,정보 없음,https://open.spotify.com/artist/0QPwpwjMdM0lU9NPmmqyEK
2026-08-12,이디오테잎,정보 없음,정보 없음,https://open.spotify.com/artist/0OmQCkk1rR3DJ0Y2NRxp6Z
2026-08-12,키라라,정보 없음,정보 없음,https://open.spotify.com/artist/6Q4tDWdAQdRjV4pAuqiHQW
2026-08-12,피치트럭하이재커스,정보 없음,정보 없음,https://open.spotify.com/artist/4RBk8cCsxzo5v0rHu5EgPA
2026-08-12,김창완밴드,정보 없음,정보 없음,https://open.spotify.com/artist/2bpghoDPX6onfPzQv570rM
2026-08-12,봉제인간,정보 없음,정보 없음,https://open.spotify.com/artist/3zyq3DzSd4aue9Q7s1qMVu
2026-08-12,추다혜차지스,정보 없음,정보 없음,https://open.spotify.com/artist/3ttQR1taRsySrYIc2U3iAA
2026-08-12,세이수미,정보 없음,정보 없음,https://open.spotify.com/artist/4tvbo17gXpYgSr8sTlkaby
2026-08-13,브로콜리너마저,정보 없음,정보 없음,https://open.spotify.com/artist/1gq4XavqmZhqOzEkpFBz1j
2026-08-13,아도이,정보 없음,정보 없음,https://open.spotify.com/artist/64sY7LsUjNE3ifONkftTXC
2026-08-13,우희준,정보 없음,정보 없음,https://open.spotify.com/artist/0QPwpwjMdM0lU9NPmmqyEK
2026-08-13,이디오테잎,정보 없음,정보 없음,https://open.spotify.com/artist/0OmQCkk1rR3DJ0Y2NRxp6Z
2026-08-13,키라라,정보 없음,정보 없음,https://open.spotify.com/artist/6Q4tDWdAQdRjV4pAuqiHQW
2026-08-13,피치트럭하이재커스,정보 없음,정보 없음,https://open.spotify.com/artist/4RBk8cCsxzo5v0rHu5EgPA
2026-08-13,김창완밴드,정보 없음,정보 없음,https://open.spotify.com/artist/2bpghoDPX6onfPzQv570rM
2026-08-13,봉제인간,정보 없음,정보 없음,https://open.spotify.com/artist/3zyq3DzSd4aue9Q7s1qMVu
2026-08-13,추다혜차지스,정보 없음,정보 없음,https://open.spotify.com/artist/3ttQR1taRsySrYIc2U3iAA
2026-08-13,세이수미,정보 없음,정보 없음,https://open.spotify.com/artist/4tvbo17gXpYgSr8sTlkaby
